flight_id,field_id,date,time,raw_stage,stage_4class,stage_5class,image_sets_total,image_sets_complete,image_sets_partial,rgb_jpg_count,available_bands,path
F1_01,Field001,2025-07-15,17:16,Nursery,Nursery,Nursery,58,58,0,58,"['G', 'NIR', 'R', 'RE']",D:\AI-powered-predictive-digital-twin-for-agriculture\uav-crop-stress-intelligence\data\raw\paddy_dataset\Field001_3acres\Field001_3acres\F1_01_2025_07_15_1716_Nursery_Stage
F1_02,Field001,2025-07-19,10:51,Nursery,Nursery,Nursery,549,549,0,549,"['G', 'NIR', 'R', 'RE']",D:\AI-powered-predictive-digital-twin-for-agriculture\uav-crop-stress-intelligence\data\raw\paddy_dataset\Field001_3acres\Field001_3acres\F1_02_2025_07_19_1051_Nursery_Stage
F1_03,Field001,2025-08-16,16:09,Vegetative,Vegetative,Vegetative,549,549,0,549,"['G', 'NIR', 'R', 'RE']",D:\AI-powered-predictive-digital-twin-for-agriculture\uav-crop-stress-intelligence\data\raw\paddy_dataset\Field001_3acres\Field001_3acres\F1_03_2025_08_16_1609_Vegetative_Stage
F1_04,Field001,2025-09-06,07:07,Vegetative,Vegetative,Vegetative,549,549,0,549,"['G', 'NIR', 'R', 'RE']",D:\AI-powered-predictive-digital-twin-for-agriculture\uav-crop-stress-intelligence\data\raw\paddy_dataset\Field001_3acres\Field001_3acres\F1_04_2025_09_06_0707_Vegetative_Stage
F1_05,Field001,2025-09-27,14:50,Booting,Vegetative,Booting,307,307,0,307,"['G', 'NIR', 'R', 'RE']",D:\AI-powered-predictive-digital-twin-for-agriculture\uav-crop-stress-intelligence\data\raw\paddy_dataset\Field001_3acres\Field001_3acres\F1_05_2025_09_27_1450_Booting_Stage
F1_06,Field001,2025-10-04,15:50,Booting,Vegetative,Booting,549,549,0,549,"['G', 'NIR', 'R', 'RE']",D:\AI-powered-predictive-digital-twin-for-agriculture\uav-crop-stress-intelligence\data\raw\paddy_dataset\Field001_3acres\Field001_3acres\F1_06_2025_10_04_1550_Booting_Stage
F1_07,Field001,2025-10-11,10:48,Flowering,Flowering,Flowering,549,549,0,549,"['G', 'NIR', 'R', 'RE']",D:\AI-powered-predictive-digital-twin-for-agriculture\uav-crop-stress-intelligence\data\raw\paddy_dataset\Field001_3acres\Field001_3acres\F1_07_2025_10_11_1048_Flowering_Stage
F1_08,Field001,2025-10-21,16:00,Flowering,Flowering,Flowering,549,549,0,549,"['G', 'NIR', 'R', 'RE']",D:\AI-powered-predictive-digital-twin-for-agriculture\uav-crop-stress-intelligence\data\raw\paddy_dataset\Field001_3acres\Field001_3acres\F1_08_2025_10_21_1600_Flowering_Stage
F1_09,Field001,2025-11-08,17:00,Mature,Mature,Mature,550,550,0,550,"['G', 'NIR', 'R', 'RE']",D:\AI-powered-predictive-digital-twin-for-agriculture\uav-crop-stress-intelligence\data\raw\paddy_dataset\Field001_3acres\Field001_3acres\F1_09_2025_11_08_1700_Mature_Stage
F1_10,Field001,2025-11-15,16:58,Mature,Mature,Mature,549,549,0,549,"['G', 'NIR', 'R', 'RE']",D:\AI-powered-predictive-digital-twin-for-agriculture\uav-crop-stress-intelligence\data\raw\paddy_dataset\Field001_3acres\Field001_3acres\F1_10_2025_11_15_1658_Mature_Stage
F2_01,Field002,2025-07-15,17:16,Nursery,Nursery,Nursery,30,30,0,30,"['G', 'NIR', 'R', 'RE']",D:\AI-powered-predictive-digital-twin-for-agriculture\uav-crop-stress-intelligence\data\raw\paddy_dataset\Field002_2acres\F2_01_2025_07_15_1716_Nursery_Stage
F2_02,Field002,2025-07-19,09:37,Nursery,Nursery,Nursery,384,384,0,384,"['G', 'NIR', 'R', 'RE']",D:\AI-powered-predictive-digital-twin-for-agriculture\uav-crop-stress-intelligence\data\raw\paddy_dataset\Field002_2acres\F2_02_2025_07_19_0937_Nursery_Stage
F2_03,Field002,2025-08-16,16:39,Vegetative,Vegetative,Vegetative,384,384,0,384,"['G', 'NIR', 'R', 'RE']",D:\AI-powered-predictive-digital-twin-for-agriculture\uav-crop-stress-intelligence\data\raw\paddy_dataset\Field002_2acres\F2_03_2025_08_16_1639_Vegetative_Stage
F2_04,Field002,2025-09-06,06:44,Vegetative,Vegetative,Vegetative,384,384,0,384,"['G', 'NIR', 'R', 'RE']",D:\AI-powered-predictive-digital-twin-for-agriculture\uav-crop-stress-intelligence\data\raw\paddy_dataset\Field002_2acres\F2_04_2025_09_06_0644_Vegetative_Stage
F2_05,Field002,2025-09-27,14:26,Booting,Vegetative,Booting,384,384,0,384,"['G', 'NIR', 'R', 'RE']",D:\AI-powered-predictive-digital-twin-for-agriculture\uav-crop-stress-intelligence\data\raw\paddy_dataset\Field002_2acres\F2_05_2025_09_27_1426_Booting_Stage
F2_06,Field002,2025-10-04,16:23,Booting,Vegetative,Booting,384,384,0,384,"['G', 'NIR', 'R', 'RE']",D:\AI-powered-predictive-digital-twin-for-agriculture\uav-crop-stress-intelligence\data\raw\paddy_dataset\Field002_2acres\F2_06_2025_10_04_1623_Booting_Stage
F2_07,Field002,2025-10-11,10:25,Flowering,Flowering,Flowering,384,384,0,384,"['G', 'NIR', 'R', 'RE']",D:\AI-powered-predictive-digital-twin-for-agriculture\uav-crop-stress-intelligence\data\raw\paddy_dataset\Field002_2acres\F2_07_2025_10_11_1025_Flowering_Stage
F2_08,Field002,2025-10-21,16:46,Flowering,Flowering,Flowering,384,384,0,384,"['G', 'NIR', 'R', 'RE']",D:\AI-powered-predictive-digital-twin-for-agriculture\uav-crop-stress-intelligence\data\raw\paddy_dataset\Field002_2acres\F2_08_2025_10_21_1646_Flowering_Stage
F2_09,Field002,2025-11-08,16:38,Mature,Mature,Mature,384,384,0,384,"['G', 'NIR', 'R', 'RE']",D:\AI-powered-predictive-digital-twin-for-agriculture\uav-crop-stress-intelligence\data\raw\paddy_dataset\Field002_2acres\F2_09_2025_11_08_1638_Mature_Stage
F2_10,Field002,2025-11-15,16:37,Mature,Mature,Mature,384,384,0,384,"['G', 'NIR', 'R', 'RE']",D:\AI-powered-predictive-digital-twin-for-agriculture\uav-crop-stress-intelligence\data\raw\paddy_dataset\Field002_2acres\F2_10_2025_11_15_1637_Mature_stage
